osmid,y,x,street_count,highway,junction,geometry,graph_degree,incident_accident_count,incident_road_length_m,accident_norm,connectivity_norm,seed_order,strategy
342628235,433459.8051926261,430786.1973803451,5,,,POINT (430786.1973803451 433459.8051926261),5,24,312.08605852219955,1.0,0.615262195299292,1,revised
52728502,434152.85919449676,429998.0006847547,5,,,POINT (429998.0006847547 434152.85919449676),5,6,280.7260772415522,0.25,0.6027144285505711,2,revised
9823212,434254.00657231023,430879.4785136505,4,,,POINT (430879.4785136505 434254.00657231023),4,6,268.3331314623493,0.25,0.3477557587230815,3,revised
10103026385,433371.3056860301,430030.27359011676,4,,,POINT (430030.27359011676 433371.3056860301),4,1,109.17742135792719,0.041666666666666664,0.2840743199733157,4,revised
