n_accidents_with_valid_fraction,mean_fraction,median_fraction,share_within_0_25,share_within_0_10
502,0.2817768603886798,0.2253619391890997,0.5398406374501992,0.30278884462151395
