morans_i,expected_i,z_score,p_value_permutation
0.3078173445719362,-0.0018975332068311196,11.39746291469383,0.001
